,Heart_Rate_BPM,Respiratory_Rate_BPM,Skin_Temperature_C,Blood_Oxygen_Level_Percent,Impact_Force_Newtons,Cumulative_Fatigue_Index,Duration_Minutes,Injury_Risk_Score,Injury_Occurred
Heart_Rate_BPM,1.0,0.016237648430026504,0.0029709758441222116,-0.0642380709756477,0.04768657820699141,0.0022420707289622283,0.008048804565860622,0.3828883075148435,0.027877991468487698
Respiratory_Rate_BPM,0.016237648430026504,1.0,0.042286261484864626,-0.025547264147927386,-0.03812990203264127,0.014317113531899678,-0.024011400094830108,0.0020270263837150926,-0.009092385137598746
Skin_Temperature_C,0.0029709758441222116,0.042286261484864626,1.0,-0.030678431020803167,0.0673990170758979,0.031215234460679534,0.07519431984332788,0.05429480809235835,0.04528175210619877
Blood_Oxygen_Level_Percent,-0.0642380709756477,-0.025547264147927386,-0.030678431020803167,1.0,0.009631788597292875,-0.0015082494666959357,0.015211941742365972,-0.02052153519950768,0.014316541893352097
Impact_Force_Newtons,0.04768657820699141,-0.03812990203264127,0.0673990170758979,0.009631788597292875,1.0,0.01741945447823473,0.09407460404938126,0.4407646006935659,0.1258480086983771
Cumulative_Fatigue_Index,0.0022420707289622283,0.014317113531899678,0.031215234460679534,-0.0015082494666959357,0.01741945447823473,1.0,0.012906433837456594,0.8293306868419684,0.15586095782004658
Duration_Minutes,0.008048804565860622,-0.024011400094830108,0.07519431984332788,0.015211941742365972,0.09407460404938126,0.012906433837456594,1.0,0.05200799124696617,0.03082330470988684
Injury_Risk_Score,0.3828883075148435,0.0020270263837150926,0.05429480809235835,-0.02052153519950768,0.4407646006935659,0.8293306868419684,0.05200799124696617,1.0,0.1896007499335084
Injury_Occurred,0.027877991468487698,-0.009092385137598746,0.04528175210619877,0.014316541893352097,0.1258480086983771,0.15586095782004658,0.03082330470988684,0.1896007499335084,1.0
